Time,Flow
0.0,0.628125
0.01,0.0625
0.02,0.078125
0.03,-0.3671875
0.04,-0.1203125
0.05,-0.8734375
0.06,-0.1328125
0.07,-0.6515625
0.08,0.44375
0.09,0.7078125
0.1,0.9875
0.11,-0.7
0.12,0.421875
0.13,-0.26875
0.14,-1.025
0.15,-0.8359375
0.16,-0.46875
0.17,0.0734375
0.18,0.2296875
0.19,0.5015625
0.2,0.5703125
0.21,0.95625
0.22,0.046875
0.23,-0.478125
0.24,-1.015625
0.25,-1.595313
0.26,-0.215625
0.27,-0.225
0.28,0.4359375
0.29,0.259375
0.3,0.0703125
0.31,0.54375
0.32,0.4359375
0.33,-0.7078125
0.34,-0.9421875
0.35,-0.365625
0.36,0.30625
0.37,0.49375
0.38,0.4875
0.39,1.353125
0.4,0.58125
0.41,-0.03125
0.42,-0.121875
0.43,1.0375
0.44,-0.3
0.45,-0.5
0.46,0.115625
0.47,-0.4515625
0.48,0.2703125
0.49,0.6859375
0.5,1.11875
0.51,0.6078125
0.52,0.146875
0.53,0.1265625
0.54,-0.403125
0.55,-0.4359375
0.56,-0.41875
0.57,0.003125
0.58,-0.1265625
0.59,0.5359375
0.6,0.6140625
0.61,0.590625
0.62,0.26875
0.63,-0.1734375
0.64,-0.7296875
0.65,-0.6796875
0.66,-0.925
0.67,-0.734375
0.68,0.3765625
0.69,0.4609375
0.7,0.746875
0.71,0.05
0.72,0.8265625
0.73,-0.0140625
0.74,-0.1546875
0.75,-0.38125
0.76,-0.6453125
0.77,-0.5
0.78,-0.0171875
0.79,0.7765625
0.8,0.49375
0.81,0.35
0.82,0.5734375
0.83,-0.175
0.84,-0.09375
0.85,-0.45625
0.86,-0.121875
0.87,-0.54375
0.88,0.2375
0.89,0.24375
0.9,0.8765625
0.91,0.925
0.92,0.1578125
0.93,0.0453125
0.94,-0.2453125
0.95,-0.796875
0.96,-0.9
0.97,0.4875
0.98,0.10625
0.99,0.2609375
1.0,0.3578125
1.01,0.984375
1.02,1.071875
1.03,0.4296875
1.04,-0.2984375
1.05,-0.3328125
1.06,-0.421875
1.07,-0.54375
1.08,-0.2671875
1.09,0.4765625
1.1,0.25625
1.11,0.4015625
1.12,1.182813
1.13,0.2671875
1.14,-0.4296875
1.15,-0.5125
1.16,-0.9484375
1.17,-0.6875
1.18,-0.1875
1.19,0.615625
1.2,0.3515625
1.21,0.3875
1.22,0.2765625
1.23,0.46875
1.24,-0.15
1.25,-0.2234375
1.26,-0.70625
1.27,-0.6609375
1.28,-0.0828125
1.29,-0.0875
1.3,0.765625
1.31,0.7078125
1.32,-0.30625
1.33,0.1296875
1.34,-0.3953125
1.35,-0.8828125
1.36,-1.209375
1.37,-0.5609375
1.38,-0.03125
1.39,0.109375
1.4,0.703125
1.41,0.3578125
1.42,0.6921875
1.43,0.403125
1.44,-0.040625
1.45,-0.4640625
1.46,-0.4875
1.47,-0.4015625
1.48,-0.153125
1.49,0.5703125
1.5,0.084375
1.51,0.715625
1.52,0.8859375
1.53,0.396875
1.54,0.3640625
1.55,-0.4265625
1.56,-0.590625
1.57,-1.351563
1.58,-0.1515625
1.59,0.2359375
1.6,0.2671875
1.61,0.421875
1.62,0.58125
1.63,0.75625
1.64,0.15625
1.65,-0.65
1.66,-0.540625
1.67,-0.6875
1.68,0.240625
1.69,0.3640625
1.7,0.4578125
1.71,1.203125
1.72,0.8171875
1.73,0.378125
1.74,0.29375
1.75,-0.23125
1.76,-0.36875
1.77,-0.4953125
1.78,-0.4015625
1.79,-0.16875
1.8,0.7015625
1.81,0.8359375
1.82,0.584375
1.83,-0.2359375
1.84,0.0890625
1.85,0.021875
1.86,-0.7625
1.87,-0.5
1.88,-0.5078125
1.89,-0.178125
1.9,0.3859375
1.91,0.034375
1.92,1.517188
1.93,0.390625
1.94,0.425
1.95,-0.2609375
1.96,-0.2890625
1.97,-0.6234375
1.98,-0.5359375
1.99,0.2671875
2.0,-0.1046875
2.01,0.375
2.02,0.7375
2.03,0.0359375
2.04,0.546875
2.05,-0.30625
2.06,-0.46875
2.07,-1.115625
2.08,-0.4609375
2.09,-0.296875
2.1,0.5203125
2.11,0.3546875
2.12,0.9515625
2.13,0.446875
2.14,0.9296875
2.15,-0.1203125
2.16,-0.2140625
2.17,-0.85625
2.18,-1.23125
2.19,-0.3484375
2.2,0.4171875
2.21,0.640625
2.22,0.7953125
2.23,0.25
2.24,0.5109375
2.25,0.421875
2.26,-0.825
2.27,-0.5140625
2.28,-0.4625
2.29,-1.042188
2.3,0.3890625
2.31,0.428125
2.32,0.7421875
2.33,0.278125
2.34,0.4203125
2.35,-0.0203125
2.36,-0.74375
2.37,-0.628125
2.38,-0.4
2.39,-0.453125
2.4,-0.03125
2.41,-0.6640625
2.42,0.3921875
2.43,0.315625
2.44,0.384375
2.45,-0.11875
2.46,0.0859375
2.47,-0.33125
2.48,-0.3765625
2.49,-0.228125
2.5,-0.4046875
2.51,0.3390625
2.52,0.240625
2.53,0.5796875
2.54,0.5265625
2.55,0.03125
2.56,-0.4734375
2.57,-0.5921875
2.58,-0.2125
2.59,-0.2328125
2.6,0.2375
2.61,-0.1015625
2.62,0.5109375
2.63,0.534375
2.64,0.4328125
2.65,0.44375
2.66,0.25625
2.67,-0.7703125
2.68,-0.55625
2.69,-0.2875
2.7,-0.515625
2.71,0.434375
2.72,0.2953125
2.73,0.084375
2.74,0.559375
2.75,-0.11875
2.76,0.2375
2.77,-0.5
2.78,-0.7328125
2.79,-0.95
2.8,-0.55
2.81,0.125
2.82,0.578125
2.83,0.3703125
2.84,0.6203125
2.85,-0.078125
2.86,-0.025
2.87,0.134375
2.88,-0.3109375
2.89,-0.325
2.9,-0.5953125
2.91,0.33125
2.92,0.428125
2.93,1.051563
2.94,0.63125
2.95,0.5109375
2.96,-0.16875
2.97,0.2515625
2.98,-0.88125
2.99,-0.5359375
3.0,-0.2828125
3.01,-0.4859375
3.02,0.5296875
3.03,0.1921875
3.04,0.88125
3.05,0.5125
3.06,0.215625
3.07,-0.4578125
3.08,-0.7859375
3.09,-0.5953125
3.1,-0.4890625
3.11,0.0125
3.12,0.4390625
3.13,0.5140625
3.14,0.6453125
3.15,0.253125
3.16,0.15625
3.17,-0.86875
3.18,-0.5671875
3.19,-0.878125
3.2,0.1421875
3.21,0.2328125
3.22,0.4078125
3.23,0.8109375
3.24,0.6515625
3.25,0.0125
3.26,0.103125
3.27,-1.003125
3.28,-0.8859375
3.29,-0.1890625
3.3,-0.5984375
3.31,0.0
3.32,0.0
3.33,1.2125
3.34,0.6421875
3.35,0.553125
3.36,-0.00625
3.37,-0.1625
3.38,-0.2359375
3.39,-0.425
3.4,-0.159375
3.41,-0.0890625
3.42,0.1015625
3.43,0.3171875
3.44,0.66875
3.45,0.6078125
3.46,0.2578125
3.47,-0.3
3.48,-0.3609375
3.49,-0.9890625
3.5,-0.3734375
3.51,-0.428125
3.52,0.071875
3.53,0.609375
3.54,0.3828125
3.55,0.5203125
3.56,-0.08125
3.57,-0.2171875
3.58,-0.4234375
3.59,-0.5578125
3.6,-0.5
3.61,-0.6078125
3.62,-0.0578125
3.63,0.91875
3.64,0.7703125
3.65,0.471875
3.66,0.40625
3.67,0.45
3.68,-0.75
3.69,-0.5140625
3.7,-0.5421875
3.71,-0.234375
3.72,0.3296875
3.73,-0.0375
3.74,0.7515625
3.75,0.684375
3.76,0.5359375
3.77,0.2546875
3.78,-0.3359375
3.79,-0.7546875
3.8,-0.084375
3.81,-0.38125
3.82,0.8546875
3.83,0.9875
3.84,1.007813
3.85,1.275
3.86,0.4046875
3.87,0.2890625
3.88,-0.2875
3.89,-1.001563
3.9,-0.653125
3.91,-0.11875
3.92,-0.121875
3.93,-0.1015625
3.94,0.5578125
3.95,0.559375
3.96,0.7578125
3.97,-0.1515625
3.98,-0.2140625
3.99,-0.7984375
4.0,-0.365625
4.01,-0.1578125
4.02,-0.0703125
4.03,0.1
4.04,0.5828125
4.05,0.2640625
4.06,1.021875
4.07,-0.0734375
4.08,-0.246875
4.09,-0.85
4.1,-0.5625
4.11,-0.284375
4.12,0.2125
4.13,0.43125
4.14,0.1203125
4.15,0.34375
4.16,0.3390625
4.17,-0.3109375
4.18,-0.1515625
4.19,-0.2265625
4.2,-0.8515625
4.21,-0.1578125
4.22,-0.0265625
4.23,0.2515625
4.24,0.6765625
4.25,0.8
4.26,0.3421875
4.27,0.04375
4.28,-0.196875
4.29,-0.509375
4.3,-0.725
4.31,-0.9625
4.32,-0.2140625
4.33,0.2140625
4.34,0.3953125
4.35,0.6328125
4.36,0.7609375
4.37,-0.0109375
4.38,-0.346875
4.39,-0.990625
4.4,-1.05
4.41,-0.3109375
4.42,-0.3296875
4.43,0.3046875
4.44,0.3109375
4.45,0.4640625
4.46,0.8
4.47,0.4296875
4.48,0.246875
4.49,-0.6140625
4.5,-0.7203125
4.51,-0.5953125
4.52,-0.246875
4.53,0.4453125
4.54,0.4
4.55,0.45
4.56,0.5796875
4.57,0.584375
4.58,0.5046875
4.59,-0.6171875
4.6,-0.125
4.61,-0.503125
4.62,0.0796875
4.63,0.1390625
4.64,0.2109375
4.65,0.7375
4.66,0.4046875
4.67,0.1421875
4.68,0.196875
4.69,0.121875
4.7,-0.8921875
4.71,-0.7171875
4.72,0.1609375
4.73,-0.196875
4.74,0.134375
4.75,1.034375
4.76,0.496875
4.77,0.7703125
4.78,0.240625
4.79,0.0890625
4.8,-0.8046875
4.81,-0.46875
4.82,-0.390625
4.83,-0.0328125
4.84,0.3125
4.85,0.0515625
4.86,0.7875
4.87,0.6265625
4.88,0.275
4.89,-0.0859375
4.9,-0.675
4.91,-0.409375
4.92,-0.278125
4.93,-0.053125
4.94,0.678125
4.95,0.6625
4.96,0.475
4.97,0.465625
4.98,0.6609375
4.99,-0.0265625
5.0,-0.128125
5.01,-0.7265625
5.02,-0.2828125
5.03,0.0875
5.04,0.24375
5.05,0.69375
5.06,0.9828125
5.07,0.5046875
5.08,0.7140625
5.09,1.14375
5.1,-0.771875
5.11,-0.84375
5.12,-0.1765625
5.13,-0.3046875
5.14,0.0453125
5.15,0.209375
5.16,0.8421875
5.17,0.8203125
5.18,0.2875
5.19,-0.253125
5.2,-0.4375
5.21,-0.5171875
5.22,-0.8078125
5.23,-0.51875
5.24,0.003125
5.25,0.509375
5.26,0.5328125
5.27,0.775
5.28,0.7203125
5.29,0.5171875
5.3,-0.5203125
5.31,-0.6734375
5.32,0.0484375
5.33,-0.215625
5.34,-0.2421875
5.35,0.2890625
5.36,0.2390625
5.37,0.84375
5.38,0.9046875
5.39,0.2125
5.4,-0.5484375
5.41,-0.6125
5.42,-0.615625
5.43,-0.5015625
5.44,0.2359375
5.45,0.803125
5.46,0.75
5.47,0.1796875
5.48,-0.0359375
5.49,0.24375
5.5,-0.3078125
5.51,-0.975
5.52,-0.8859375
5.53,-0.4125
5.54,-0.4171875
5.55,0.278125
5.56,0.84375
5.57,1.292188
5.58,-0.13125
5.59,0.396875
5.6,-0.5953125
5.61,-0.9921875
5.62,-0.6234375
5.63,-0.7046875
5.64,-0.1484375
5.65,0.2015625
5.66,0.6984375
5.67,0.7828125
5.68,0.790625
5.69,-0.0640625
5.7,-0.0078125
5.71,-0.5625
5.72,-0.85625
5.73,-0.6265625
5.74,-0.0671875
5.75,0.5234375
5.76,-0.15625
5.77,0.94375
5.78,0.9234375
5.79,0.3015625
5.8,-0.0265625
5.81,-0.31875
5.82,-0.578125
5.83,-0.4734375
5.84,-0.51875
5.85,-0.2359375
5.86,0.21875
5.87,0.478125
5.88,0.6515625
5.89,0.5390625
5.9,-0.421875
5.91,-0.7625
5.92,-0.76875
5.93,-0.65625
5.94,0.0484375
5.95,0.40625
5.96,0.4640625
5.97,0.6859375
5.98,0.3546875
5.99,0.0984375
6.0,-0.1375
6.01,-0.3921875
6.02,-0.5953125
6.03,-0.5953125
6.04,-0.6546875
6.05,-0.1
6.06,0.7515625
6.07,0.5953125
6.08,0.3828125
6.09,-0.0203125
6.1,0.2171875
6.11,-0.471875
6.12,-0.515625
6.13,-0.9578125
6.14,-0.3171875
6.15,0.2125
6.16,0.0
6.17,0.378125
6.18,0.2984375
6.19,1.15
6.2,0.0265625
6.21,-0.175
6.22,-0.73125
6.23,-0.5921875
6.24,-0.4890625
6.25,0.003125
6.26,0.3953125
6.27,0.321875
6.28,0.8015625
6.29,0.8078125
6.3,0.271875
6.31,-0.36875
6.32,-0.6359375
6.33,-0.796875
6.34,-0.69375
6.35,-0.225
6.36,0.225
6.37,0.4
6.38,0.409375
6.39,0.840625
6.4,0.50625
6.41,-0.690625
6.42,-0.3
6.43,-0.4328125
6.44,-0.553125
6.45,0.165625
6.46,0.321875
6.47,0.7765625
6.48,0.7234375
6.49,-0.3671875
6.5,0.0671875
6.51,-0.2125
6.52,-0.7296875
6.53,-0.7015625
6.54,-0.11875
6.55,-0.975
6.56,0.0890625
6.57,0.3828125
6.58,0.03125
6.59,-0.3484375
6.6,-1.620313
6.61,-3.248438
6.62,-3.595313
6.63,-4.909375
6.64,-5.395313
6.65,-2.760938
6.66,-0.8703125
6.67,-0.4890625
6.68,0.93125
6.69,2.470313
6.7,0.765625
6.71,-0.0125
6.72,-0.9203125
6.73,-1.135938
6.74,-1.082813
6.75,-1.390625
6.76,0.715625
6.77,1.389063
6.78,0.403125
6.79,0.3921875
6.8,-0.5703125
6.81,-0.7828125
6.82,-1.598438
6.83,-1.395313
6.84,-0.11875
6.85,0.7390625
6.86,2.896875
6.87,4.382813
6.88,5.289063
6.89,7.220313
6.9,6.889063
6.91,7.551563
6.92,6.85625
6.93,7.296875
6.94,8.246875
6.95,8.910938
6.96,10.37188
6.97,10.88906
6.98,12.90313
6.99,12.15938
7.0,12.65313
7.01,13.16094
7.02,13.30469
7.03,14.225
7.04,14.11563
7.05,15.57031
7.06,17.18437
7.07,16.38281
7.08,16.55313
7.09,17.33125
7.1,15.90156
7.11,14.90938
7.12,14.90469
7.13,14.07656
7.14,13.41406
7.15,12.85469
7.16,13.51875
7.17,13.94063
7.18,13.90313
7.19,13.43281
7.2,13.40625
7.21,12.60156
7.22,12.60625
7.23,11.86719
7.24,11.07188
7.25,11.77344
7.26,11.62188
7.27,10.8375
7.28,11.05
7.29,10.98125
7.3,11.68906
7.31,11.05781
7.32,11.125
7.33,11.09688
7.34,9.639063
7.35,11.27344
7.36,7.567188
7.37,9.101563
7.38,9.848438
7.39,10.3
7.4,9.617188
7.41,9.464063
7.42,8.990625
7.43,9.139062
7.44,8.415625
7.45,7.520313
7.46,8.473438
7.47,9.517188
7.48,8.84375
7.49,8.884375
7.5,8.951562
7.51,8.41875
7.52,9.073438
7.53,7.973438
7.54,7.195313
7.55,7.770313
7.56,7.860938
7.57,7.595313
7.58,8.032813
7.59,7.564063
7.6,8.395313
7.61,7.998438
7.62,7.923438
7.63,7.090625
7.64,6.495313
7.65,6.182813
7.66,6.209375
7.67,6.732813
7.68,6.948438
7.69,6.734375
7.7,7.18125
7.71,7.096875
7.72,6.692188
7.73,6.021875
7.74,5.789063
7.75,5.278125
7.76,4.7625
7.77,5.723438
7.78,6.270313
7.79,5.9625
7.8,4.429688
7.81,2.470313
7.82,1.809375
7.83,0.03125
7.84,-1.023438
7.85,-1.659375
7.86,-1.896875
7.87,-1.728125
7.88,-2.903125
7.89,-3.53125
7.9,-3.95
7.91,-4.55
7.92,-1.5125
7.93,-0.575
7.94,-0.6421875
7.95,0.5953125
7.96,0.9734375
7.97,0.8015625
7.98,-0.103125
7.99,-0.3703125
8.0,0.7609375
8.01,-0.0515625
8.02,-0.1234375
8.03,-0.1203125
8.04,0.30625
8.05,1.484375
8.06,2.882813
8.07,4.36875
8.08,5.910938
8.09,7.3125
8.1,7.946875
8.11,8.020313
8.12,8.404687
8.13,9.101563
8.14,10.3375
8.15,9.817188
8.16,10.05625
8.17,11.01406
8.18,13.69844
8.19,13.24688
8.2,13.30781
8.21,14.73438
8.22,16.01719
8.23,14.98906
8.24,16.30469
8.25,15.91563
8.26,16.25625
8.27,17.30937
8.28,18.56406
8.29,19.31719
8.3,17.05625
8.31,16.24219
8.32,16.83438
8.33,15.9875
8.34,13.46094
8.35,14.31875
8.36,14.27969
8.37,15.80625
8.38,11.54844
8.39,16.11563
8.4,12.15781
8.41,13.7375
8.42,13.02188
8.43,12.71563
8.44,12.27656
8.45,13.05781
8.46,13.89531
8.47,11.36875
8.48,11.90313
8.49,11.60469
8.5,12.75938
8.51,12.49531
8.52,11.33594
8.53,7.814063
8.54,10.37656
8.55,10.34844
8.56,9.16875
8.57,8.91875
8.58,9.93125
8.59,9.425
8.6,10.47031
8.61,10.38281
8.62,10.53125
8.63,10.56563
8.64,6.857813
8.65,8.832813
8.66,9.08125
8.67,8.179688
8.68,8.66875
8.69,9.3625
8.7,9.173438
8.71,9.0
8.72,8.014062
8.73,7.726563
8.74,6.617188
8.75,8.010938
8.76,6.776563
8.77,6.635938
8.78,7.065625
8.79,7.395313
8.8,7.220313
8.81,7.673438
8.82,7.346875
8.83,8.203125
8.84,7.642188
8.85,6.301563
8.86,6.023438
8.87,6.584375
8.88,7.364063
8.89,6.376563
8.9,6.428125
8.91,6.090625
8.92,6.765625
8.93,6.567188
8.94,6.121875
8.95,5.707813
8.96,5.45625
8.97,5.503125
8.98,5.15625
8.99,6.359375
9.0,5.409375
9.01,4.665625
9.02,3.203125
9.03,1.910938
9.04,-0.021875
9.05,-0.4859375
9.06,-1.420313
9.07,-2.034375
9.08,-2.690625
9.09,-3.459375
9.1,-4.4375
9.11,-4.784375
9.12,-5.365625
9.13,-4.154688
9.14,-1.159375
9.15,-0.2140625
9.16,1.11875
9.17,1.371875
9.18,1.254688
9.19,0.046875
9.2,0.24375
9.21,-0.7890625
9.22,-0.159375
9.23,0.0703125
9.24,0.7375
9.25,1.3875
9.26,1.276563
9.27,2.754688
9.28,4.470313
9.29,6.185938
9.3,7.059375
9.31,7.770313
9.32,8.4625
9.33,8.142188
9.34,9.815625
9.35,9.814063
9.36,9.376563
9.37,11.53438
9.38,11.50781
9.39,12.3625
9.4,13.22813
9.41,12.55938
9.42,14.10781
9.43,14.32813
9.44,12.80781
9.45,16.63594
9.46,16.7
9.47,16.48594
9.48,17.54688
9.49,16.25313
9.5,20.0
9.51,18.18281
9.52,17.02812
9.53,15.56563
9.54,17.80937
9.55,14.50625
9.56,14.73906
9.57,16.18594
9.58,13.25938
9.59,14.95625
9.6,14.89688
9.61,13.18125
9.62,12.77344
9.63,14.19531
9.64,13.85781
9.65,12.4875
9.66,11.68125
9.67,12.47813
9.68,11.09375
9.69,12.24375
9.7,11.98438
9.71,11.18906
9.72,11.96563
9.73,11.5625
9.74,12.05781
9.75,11.4375
9.76,9.935938
9.77,8.7375
9.78,10.24219
9.79,9.210938
9.8,10.91563
9.81,10.11094
9.82,9.898438
9.83,9.709375
9.84,9.420312
9.85,8.59375
9.86,9.003125
9.87,8.20625
9.88,7.404688
9.89,7.875
9.9,8.714063
9.91,9.260938
9.92,9.10625
9.93,9.242188
9.94,8.98125
9.95,8.032813
9.96,6.520313
9.97,6.782813
9.98,7.378125
9.99,7.379688
10.0,7.315625
10.01,7.582813
10.02,8.042188
10.03,8.470313
10.04,8.476563
10.05,7.264063
10.06,6.46875
10.07,5.917188
10.08,5.584375
10.09,5.926563
10.1,6.510938
10.11,6.753125
10.12,6.729688
10.13,6.409375
10.14,6.1
10.15,7.24375
10.16,6.60625
10.17,5.965625
10.18,5.490625
10.19,5.392188
10.2,5.053125
10.21,5.615625
10.22,3.640625
10.23,3.001563
10.24,0.825
10.25,-0.28125
10.26,-0.63125
10.27,-1.165625
10.28,-2.390625
10.29,-3.621875
10.3,-4.064063
10.31,-4.939063
10.32,-4.01875
10.33,-2.040625
10.34,0.146875
10.35,0.3
10.36,1.295313
10.37,1.6375
10.38,0.503125
10.39,-0.9734375
10.4,-0.9703125
10.41,-1.342188
10.42,-1.160938
10.43,0.55
10.44,0.565625
10.45,0.496875
10.46,0.559375
10.47,1.876563
10.48,3.865625
10.49,3.689063
10.5,5.071875
10.51,6.357813
10.52,7.007813
10.53,7.715625
10.54,9.179688
10.55,10.19531
10.56,11.33438
10.57,11.51563
10.58,10.80938
10.59,10.84531
10.6,13.04531
10.61,14.35938
10.62,14.55313
10.63,15.3
10.64,16.07188
10.65,16.66563
10.66,16.26094
10.67,14.04531
10.68,15.45781
10.69,16.05313
10.7,16.32344
10.71,18.68125
10.72,20.09844
10.73,17.5375
10.74,17.64375
10.75,15.42344
10.76,16.88281
10.77,15.26406
10.78,13.98594
10.79,12.97344
10.8,15.18438
10.81,13.34531
10.82,13.14063
10.83,13.08281
10.84,13.95781
10.85,12.40781
10.86,12.81094
10.87,11.9875
10.88,10.88281
10.89,11.34688
10.9,10.84844
10.91,12.24063
10.92,11.99531
10.93,12.76719
10.94,10.55313
10.95,12.00156
10.96,10.92813
10.97,10.90469
10.98,10.13438
10.99,10.18594
11.0,9.896875
11.01,9.742188
11.02,10.79063
11.03,9.704688
11.04,9.954688
11.05,9.573438
11.06,10.16094
11.07,8.5875
11.08,8.251563
11.09,8.4125
11.1,8.690625
11.11,9.104688
11.12,8.403125
11.13,8.154687
11.14,9.301563
11.15,10.10156
11.16,8.192188
11.17,7.660938
11.18,8.485938
11.19,7.35
11.2,6.664063
11.21,7.314063
11.22,8.3375
11.23,7.821875
11.24,8.478125
11.25,7.570313
11.26,7.45625
11.27,7.501563
11.28,6.876563
11.29,6.001563
11.3,5.946875
11.31,6.328125
11.32,7.492188
11.33,6.517188
11.34,6.601563
11.35,7.153125
11.36,6.426563
11.37,5.992188
11.38,6.046875
11.39,5.096875
11.4,5.185938
11.41,6.129688
11.42,4.725
11.43,2.667188
11.44,1.892188
11.45,1.145313
11.46,0.665625
11.47,-0.4578125
11.48,-1.884375
11.49,-2.196875
11.5,-3.770313
11.51,-3.920313
11.52,-5.120313
11.53,-5.179688
11.54,-5.125
11.55,-2.467188
11.56,-1.125
11.57,0.84375
11.58,1.089063
11.59,1.803125
11.6,0.534375
11.61,-1.223438
11.62,-0.7171875
11.63,-0.6609375
11.64,0.396875
11.65,0.8203125
11.66,0.4984375
11.67,1.475
11.68,2.0875
11.69,4.09375
11.7,4.596875
11.71,6.598438
11.72,6.657813
11.73,6.45625
11.74,7.00625
11.75,9.10625
11.76,9.790625
11.77,10.15781
11.78,11.00156
11.79,11.48125
11.8,11.16094
11.81,11.30156
11.82,13.94531
11.83,14.2875
11.84,13.66875
11.85,15.41719
11.86,15.81875
11.87,17.2875
11.88,15.01406
11.89,16.59219
11.9,13.95625
11.91,16.91563
11.92,16.74375
11.93,15.90156
11.94,16.73906
11.95,15.31875
11.96,15.72656
11.97,15.7125
11.98,14.59688
11.99,15.1375
12.0,14.05469
12.01,12.79844
12.02,12.89063
12.03,13.82813
12.04,12.67031
12.05,12.97969
12.06,11.74375
12.07,12.95781
12.08,12.1375
12.09,11.41875
12.1,11.79219
12.11,10.1375
12.12,10.57188
12.13,11.65625
12.14,11.85781
12.15,11.12188
12.16,11.94063
12.17,11.76719
12.18,10.23906
12.19,10.375
12.2,10.7875
12.21,9.185937
12.22,8.882813
12.23,10.12656
12.24,9.740625
12.25,9.696875
12.26,10.90469
12.27,8.80625
12.28,9.251563
12.29,8.125
12.3,9.023438
12.31,7.760938
12.32,8.396875
12.33,8.06875
12.34,7.85
12.35,8.025
12.36,7.346875
12.37,9.723438
12.38,8.6375
12.39,7.603125
12.4,7.176563
12.41,7.33125
12.42,6.482813
12.43,7.042188
12.44,7.648438
12.45,8.192188
12.46,7.989063
12.47,7.053125
12.48,7.179688
12.49,7.146875
12.5,6.723438
12.51,5.892188
12.52,5.584375
12.53,6.604688
12.54,5.451563
12.55,6.63125
12.56,7.015625
12.57,6.7625
12.58,6.4
12.59,6.207813
12.6,5.601563
12.61,5.509375
12.62,4.253125
12.63,3.825
12.64,3.173438
12.65,1.923438
12.66,1.15625
12.67,0.296875
12.68,0.034375
12.69,-1.026563
12.7,-1.978125
12.71,-3.2875
12.72,-4.0875
12.73,-4.459375
12.74,-5.201563
12.75,-4.739063
12.76,-0.6859375
12.77,1.214063
12.78,1.234375
12.79,1.870313
12.8,1.2
12.81,-0.1765625
12.82,-0.8203125
12.83,-1.434375
12.84,-0.1984375
12.85,0.25
12.86,-0.3859375
12.87,0.5703125
12.88,1.951563
12.89,2.682813
12.9,3.245313
12.91,4.889063
12.92,5.339063
12.93,5.7
12.94,7.4
12.95,7.071875
12.96,7.957813
12.97,9.564063
12.98,10.0625
12.99,10.48125
13.0,10.96094
13.01,10.8
13.02,10.87813
13.03,10.77969
13.04,12.725
13.05,13.575
13.06,15.84531
13.07,15.66094
13.08,14.9875
13.09,16.96562
13.1,15.30938
13.11,16.67813
13.12,16.48438
13.13,15.95156
13.14,17.25313
13.15,15.38438
13.16,16.55625
13.17,15.02656
13.18,15.79375
13.19,15.67188
13.2,12.67188
13.21,14.05
13.22,13.35625
13.23,12.925
13.24,12.42813
13.25,12.41719
13.26,12.42344
13.27,13.51406
13.28,12.81094
13.29,12.62656
13.3,11.15781
13.31,11.25625
13.32,11.54219
13.33,9.840625
13.34,11.17813
13.35,10.41719
13.36,11.71875
13.37,11.90938
13.38,11.47813
13.39,10.63906
13.4,9.923438
13.41,8.948438
13.42,10.40781
13.43,10.30469
13.44,9.521875
13.45,9.534375
13.46,9.295312
13.47,10.46406
13.48,10.11094
13.49,9.459375
13.5,10.25156
13.51,8.290625
13.52,7.445313
13.53,8.401563
13.54,8.404687
13.55,8.525
13.56,8.104688
13.57,9.907813
13.58,8.421875
13.59,7.767188
13.6,7.235938
13.61,7.5875
13.62,7.146875
13.63,6.989063
13.64,6.9375
13.65,7.998438
13.66,7.5625
13.67,7.264063
13.68,7.279688
13.69,7.303125
13.7,6.6875
13.71,6.7625
13.72,5.84375
13.73,5.920313
13.74,6.5
13.75,6.28125
13.76,6.3125
13.77,6.282813
13.78,7.24375
13.79,6.871875
13.8,6.689063
13.81,6.367188
13.82,5.3
13.83,4.975
13.84,3.251563
13.85,2.75625
13.86,0.996875
13.87,0.140625
13.88,-0.0671875
13.89,0.3625
13.9,0.096875
13.91,-2.475
13.92,-3.595313
13.93,-5.159375
13.94,-5.40625
13.95,-6.0625
13.96,-4.748438
13.97,-0.8484375
13.98,0.7578125
13.99,0.803125
14.0,1.884375
14.01,1.1375
14.02,-0.8546875
14.03,-0.184375
14.04,-0.621875
14.05,-0.275
14.06,-1.0875
14.07,-0.5953125
14.08,0.775
14.09,1.014063
14.1,2.65
14.11,3.428125
14.12,4.760937
14.13,6.059375
14.14,5.55
14.15,5.798438
14.16,6.385938
14.17,8.323438
14.18,9.982813
14.19,10.30938
14.2,10.88125
14.21,11.28281
14.22,12.7
14.23,12.14688
14.24,11.14219
14.25,12.00313
14.26,13.11094
14.27,14.33438
14.28,16.07656
14.29,15.74844
14.3,15.67031
14.31,15.20313
14.32,15.63281
14.33,17.22031
14.34,15.57344
14.35,18.20781
14.36,12.40938
14.37,15.47813
14.38,14.52969
14.39,15.22031
14.4,16.1
14.41,15.85313
14.42,14.6375
14.43,13.23438
14.44,11.3125
14.45,13.15156
14.46,12.83438
14.47,9.3
14.48,16.18437
14.49,13.38281
14.5,13.35469
14.51,10.93281
14.52,11.38281
14.53,10.64688
14.54,9.821875
14.55,10.60938
14.56,10.51719
14.57,11.69063
14.58,10.8625
14.59,10.80156
14.6,9.648438
14.61,11.09219
14.62,8.959375
14.63,9.309375
14.64,8.526563
14.65,7.840625
14.66,8.8
14.67,9.596875
14.68,9.679688
14.69,10.4125
14.7,10.50938
14.71,8.564063
14.72,9.120313
14.73,7.845313
14.74,6.975
14.75,6.704688
14.76,8.148438
14.77,8.553125
14.78,8.421875
14.79,7.917188
14.8,7.128125
14.81,7.66875
14.82,6.976563
14.83,6.934375
14.84,6.478125
14.85,6.4625
14.86,7.057813
14.87,6.523438
14.88,7.382813
14.89,6.626563
14.9,8.1
14.91,7.85625
14.92,7.126563
14.93,6.8
14.94,6.765625
14.95,4.7625
14.96,5.826563
14.97,6.39375
14.98,5.734375
14.99,7.798438
15.0,7.429688
15.01,6.55
15.02,5.884375
15.03,5.514063
15.04,4.123438
15.05,3.054688
15.06,1.86875
15.07,0.390625
15.08,-0.4765625
15.09,-0.3671875
15.1,-0.1671875
15.11,-0.275
15.12,-1.551563
15.13,-3.91875
15.14,-4.778125
15.15,-5.753125
15.16,-6.389063
15.17,-3.992188
15.18,0.08125
15.19,0.028125
15.2,1.935938
15.21,1.6875
15.22,0.9671875
15.23,0.134375
15.24,-1.367188
15.25,-0.8484375
15.26,-0.0046875
15.27,-0.409375
15.28,0.1546875
15.29,0.321875
15.3,0.975
15.31,2.821875
15.32,3.735938
15.33,5.89375
15.34,5.878125
15.35,5.33125
15.36,5.545313
15.37,6.21875
15.38,8.426563
15.39,10.04844
15.4,10.34688
15.41,10.93281
15.42,11.07031
15.43,11.47188
15.44,12.525
15.45,11.38281
15.46,12.48594
15.47,14.45625
15.48,13.8375
15.49,14.89688
15.5,16.91719
15.51,15.8875
15.52,15.28281
15.53,16.85
15.54,16.44844
15.55,16.9125
15.56,17.67656
15.57,15.43125
15.58,12.86875
15.59,15.99219
15.6,16.01875
15.61,14.43906
15.62,15.0375
15.63,14.325
15.64,12.7
15.65,10.10469
15.66,13.36875
15.67,11.43438
15.68,13.61719
15.69,13.15625
15.7,13.17969
15.71,13.36094
15.72,13.57031
15.73,12.07813
15.74,10.68594
15.75,10.89531
15.76,10.71094
15.77,10.70625
15.78,10.80938
15.79,10.21719
15.8,11.56875
15.81,9.70625
15.82,11.36406
15.83,11.84531
15.84,8.701562
15.85,8.929688
15.86,8.595313
15.87,9.648438
15.88,8.890625
15.89,9.814063
15.9,10.72656
15.91,10.09219
15.92,9.415625
15.93,8.660938
15.94,8.417188
15.95,7.228125
15.96,6.2375
15.97,6.8125
15.98,8.1375
15.99,8.282813
16.0,7.529688
16.01,7.03125
16.02,7.745313
16.03,7.80625
16.04,7.557813
16.05,7.703125
16.06,7.35
16.07,6.359375
16.08,6.310938
16.09,6.682813
16.1,7.6875
16.11,7.742188
16.12,7.196875
16.13,6.195313
16.14,6.296875
16.15,6.5875
16.16,5.851563
16.17,5.598438
16.18,5.8
16.19,7.396875
16.2,5.598438
16.21,6.517188
16.22,7.096875
16.23,6.720313
16.24,5.19375
16.25,4.595313
16.26,2.795313
16.27,1.667188
16.28,0.603125
16.29,-0.2265625
16.3,-0.0453125
16.31,0.159375
16.32,-0.48125
16.33,-1.890625
16.34,-3.671875
16.35,-6.171875
16.36,-6.195313
16.37,-6.682813
16.38,-5.58125
16.39,-1.6125
16.4,0.3203125
16.41,1.01875
16.42,1.540625
16.43,0.0140625
16.44,0.9328125
16.45,0.1109375
16.46,0.2453125
16.47,-0.2875
16.48,-0.6671875
16.49,-1.057813
16.5,-0.5328125
16.51,2.071875
16.52,2.959375
16.53,5.1375
16.54,6.398438
16.55,6.510938
16.56,5.996875
16.57,4.679688
16.58,6.320313
16.59,7.284375
16.6,11.30938
16.61,11.08281
16.62,11.42031
16.63,11.69219
16.64,10.15781
16.65,11.23125
16.66,11.45
16.67,12.90938
16.68,14.60625
16.69,14.675
16.7,13.41563
16.71,17.36719
16.72,14.2
16.73,16.28594
16.74,16.01094
16.75,15.06094
16.76,16.625
16.77,16.1875
16.78,17.40156
16.79,14.74531
16.8,14.49219
16.81,14.37031
16.82,15.2625
16.83,13.21875
16.84,13.48438
16.85,11.96094
16.86,12.95625
16.87,10.63906
16.88,10.95938
16.89,11.11563
16.9,12.30156
16.91,11.72969
16.92,12.69219
16.93,12.36406
16.94,10.50156
16.95,11.63281
16.96,11.7125
16.97,10.38594
16.98,11.06406
16.99,9.995313
17.0,10.325
17.01,10.68125
17.02,9.625
17.03,11.64688
17.04,11.45469
17.05,11.11406
17.06,8.739063
17.07,9.41875
17.08,8.789063
17.09,8.8375
17.1,9.25
17.11,8.895313
17.12,9.576562
17.13,9.54375
17.14,9.125
17.15,9.190625
17.16,8.453125
17.17,7.792188
17.18,7.753125
17.19,7.4875
17.2,7.484375
17.21,7.771875
17.22,8.5
17.23,7.832813
17.24,7.328125
17.25,7.145313
17.26,7.428125
17.27,7.215625
17.28,6.976563
17.29,7.1
17.3,6.959375
17.31,7.514063
17.32,7.25625
17.33,8.385938
17.34,6.754688
17.35,6.754688
17.36,6.564063
17.37,6.010938
17.38,6.360938
17.39,5.904688
17.4,6.103125
17.41,6.459375
17.42,7.079688
17.43,7.085938
17.44,6.084375
17.45,5.907813
17.46,5.492188
17.47,5.126563
17.48,4.590625
17.49,5.776563
17.5,4.951563
17.51,5.159375
17.52,5.65
17.53,6.25625
17.54,6.589063
17.55,5.434375
17.56,5.04375
17.57,4.078125
17.58,4.264063
17.59,4.721875
17.6,4.953125
17.61,5.278125
17.62,5.75
17.63,4.20625
17.64,5.71875
17.65,5.314063
17.66,4.670313
17.67,4.673438
17.68,4.248438
17.69,4.035938
17.7,3.884375
17.71,5.290625
17.72,5.114063
17.73,5.81875
17.74,4.592188
17.75,4.392188
17.76,4.648438
17.77,3.640625
17.78,3.304688
17.79,3.4625
17.8,3.710938
17.81,4.245312
17.82,3.9875
17.83,4.623438
17.84,4.679688
17.85,3.940625
17.86,4.490625
17.87,3.676563
17.88,3.176563
17.89,3.26875
17.9,3.001563
17.91,3.1625
17.92,3.864063
17.93,4.645313
17.94,4.7875
17.95,4.260937
17.96,3.425
17.97,3.226563
17.98,3.026563
17.99,2.940625
18.0,2.798438
18.01,3.196875
18.02,3.360938
18.03,4.259375
18.04,3.873438
18.05,4.71875
18.06,3.46875
18.07,3.134375
18.08,2.984375
18.09,2.410938
18.1,2.939063
18.11,2.725
18.12,3.63125
18.13,3.704688
18.14,3.579688
18.15,3.4625
18.16,3.94375
18.17,3.273438
18.18,2.578125
18.19,2.173437
18.2,2.315625
18.21,3.175
18.22,3.001563
18.23,3.91875
18.24,3.951563
18.25,3.15625
18.26,3.04375
18.27,2.304688
18.28,2.382813
18.29,2.107813
18.3,2.503125
18.31,2.41875
18.32,3.06875
18.33,3.201563
18.34,3.617188
18.35,3.773438
18.36,3.115625
18.37,2.282812
18.38,2.051563
18.39,2.164063
18.4,2.20625
18.41,2.517188
18.42,2.03125
18.43,2.621875
18.44,2.304688
18.45,3.0
18.46,2.876563
18.47,2.295313
18.48,1.534375
18.49,1.045313
18.5,1.890625
18.51,1.453125
18.52,2.182813
18.53,2.464063
18.54,2.93125
18.55,2.807813
18.56,2.460938
18.57,2.275
18.58,2.226563
18.59,1.167188
18.6,1.445313
18.61,1.564063
18.62,1.235938
18.63,2.178125
18.64,2.476563
18.65,2.215625
18.66,2.454688
18.67,1.995313
18.68,1.971875
18.69,1.385938
18.7,1.353125
18.71,1.139063
18.72,1.682813
18.73,2.440625
18.74,2.284375
18.75,1.973438
18.76,2.134375
18.77,1.570313
18.78,1.878125
18.79,1.18125
18.8,0.9375
18.81,1.14375
18.82,1.410938
18.83,1.804688
18.84,1.965625
18.85,2.696875
18.86,2.046875
18.87,2.04375
18.88,1.354688
18.89,1.34375
18.9,1.517188
18.91,1.271875
18.92,1.43125
18.93,1.51875
18.94,2.798438
18.95,2.226563
18.96,2.382813
18.97,2.0375
18.98,1.576563
18.99,1.339063
19.0,0.9078125
19.01,0.9859375
19.02,1.142188
19.03,0.9265625
19.04,2.001562
19.05,2.164063
19.06,1.88125
19.07,3.165625
19.08,1.3
19.09,1.425
19.1,0.3171875
19.11,0.45
19.12,1.2125
19.13,1.257813
19.14,1.5625
19.15,1.751563
19.16,1.373438
19.17,1.240625
19.18,1.5375
19.19,0.7984375
19.2,0.746875
19.21,0.040625
19.22,0.74375
19.23,1.409375
19.24,1.665625
19.25,1.990625
19.26,1.93125
19.27,1.229688
19.28,1.128125
19.29,1.260938
19.3,1.04375
19.31,0.8109375
19.32,0.865625
19.33,0.9640625
19.34,1.667188
19.35,2.00625
19.36,1.889063
19.37,1.290625
19.38,1.309375
19.39,0.909375
19.4,0.26875
19.41,0.4671875
19.42,0.3265625
19.43,0.7953125
19.44,1.770313
19.45,1.6
19.46,1.660938
19.47,1.85
19.48,1.754688
19.49,0.8765625
19.5,0.3109375
19.51,-0.16875
19.52,0.58125
19.53,1.029688
19.54,1.2875
19.55,1.984375
19.56,1.667188
19.57,1.695313
19.58,1.042188
19.59,0.5578125
19.6,1.215625
19.61,0.1359375
19.62,0.221875
19.63,0.709375
19.64,1.604688
19.65,1.3625
19.66,1.923438
19.67,1.21875
19.68,1.64375
19.69,0.81875
19.7,0.225
19.71,0.5046875
19.72,-0.1375
19.73,0.6203125
19.74,0.7421875
19.75,1.864063
19.76,1.81875
19.77,1.082813
19.78,0.7953125
19.79,0.75
19.8,1.557813
19.81,0.340625
19.82,0.296875
19.83,0.609375
19.84,0.5828125
19.85,1.01875
19.86,1.24375
19.87,1.828125
19.88,1.460938
19.89,0.94375
19.9,0.4421875
19.91,-0.640625
19.92,-0.025
19.93,0.2234375
19.94,0.734375
19.95,0.8578125
19.96,1.00625
19.97,1.342188
19.98,0.809375
19.99,0.7828125
